Name,Genre
The Sims 3,Simulation
World of Warcraft,Role-Playing
Diablo III,Role-Playing
Microsoft Flight Simulator,Simulation
StarCraft II: Wings of Liberty,Strategy
Warcraft II: Tides of Darkness,Strategy
Half-Life,Shooter
World of Warcraft: The Burning Crusade,Role-Playing
The Elder Scrolls V: Skyrim,Role-Playing
The Sims: Unleashed,Simulation
Doom II: Hell on Earth,Shooter
The Sims 4,Simulation
The Sims: Vacation,Simulation
The Sims: Livin Large,Misc
Star Wars: The Old Republic,Role-Playing
Command & Conquer: Red Alert,Strategy
Myst,Adventure
Battlefield 3,Shooter
Riven: The Sequel to Myst,Adventure
Theme Hospital,Strategy
Monopoly,Misc
Half-Life 2,Shooter
Guild Wars 2,Action
Tomb Raider II,Action
The Sims: House Party,Simulation
SimCity 2000,Simulation
World of Warcraft: Cataclysm,Role-Playing
Sim Theme Park,Strategy
Warcraft: Orcs & Humans,Strategy
Star Wars: Dark Forces,Shooter
Who wants to be a millionaire,Misc
The Sims: Makin Magic,Simulation
World of Warcraft: Mists of Pandaria,Role-Playing
The Sims: Hot Date,Simulation
Call of Duty: Modern Warfare 3,Shooter
The Sims 3: Late Night Expansion Pack,Simulation
Sid Meiers Civilization V,Strategy
StarCraft II: Heart of the Swarm,Strategy
The Sims: Superstar,Simulation
Call of Duty: Black Ops,Shooter
Diablo,Role-Playing
Command & Conquer: Tiberian Sun,Strategy
Warcraft III: The Frozen Throne,Strategy
Final Fantasy XIV: A Realm Reborn,Role-Playing
Call of Duty: Black Ops II,Shooter
Football Manager 2012,Sports
Anno 2070,Strategy
SimCity (2013),Simulation
Battlefield 4,Shooter
Fallout 4,Role-Playing
Command & Conquer: Red Alert 2,Strategy
World of Warcraft: Wrath of the Lich King,Role-Playing
The Sims 2: Nightlife,Simulation
Football Manager 2011,Sports
Championship Manager 03/04,Sports
RollerCoaster Tycoon 2,Strategy
Grand Theft Auto V,Action
Farming Simulator 2015,Simulation
Fallout: New Vegas,Role-Playing
Spore,Strategy
Worldwide Soccer Manager 2009,Simulation
Football Manager 2013,Sports
Call of Duty 4: Modern Warfare,Shooter
Worldwide Soccer Manager 2008,Sports
Empire: Total War,Strategy
Championship Manager 99/00,Sports
Diablo II: Lord of Destruction,Role-Playing
Tomb Raider,Action
Championship Manager 3,Sports
Fallout 3,Role-Playing
Grand Theft Auto: San Andreas,Action
Mass Effect 3,Role-Playing
Far Cry 3,Shooter
The Witcher 2: Assassins of Kings,Action
Farming Simulator 2013,Simulation
The Elder Scrolls Online,Role-Playing
Borderlands 2,Shooter
Assassins Creed III,Action
Assassins Creed,Adventure
Call of Duty: Modern Warfare 2,Shooter
Grand Theft Auto IV,Action
Farming Simulator 17,Simulation
The 7th Guest,Adventure
The Witcher 3: Wild Hunt,Role-Playing
Portal 2,Shooter
Dragon Age: Inquisition,Role-Playing
Assassins Creed: Revelations,Action
Crysis 2,Action
Total War: Rome II,Strategy
XCOM: Enemy Unknown,Strategy
Battlefield: Bad Company 2,Shooter
Crysis,Shooter
Call of Duty: Ghosts,Shooter
The Sims: Medieval,Simulation
RIFT,Role-Playing
Mass Effect,Role-Playing
The Sims 3: High-End Loft Stuff,Simulation
Napoleon: Total War,Strategy
Rocksmith 2014,Misc
Command & Conquer: Red Alert 3,Strategy
BioShock Infinite,Shooter
Far Cry 4,Shooter
Assassins Creed IV: Black Flag,Action
Overwatch,Shooter
Football Manager 2014,Sports
Dragon Age II,Action
The Sims 3: Generations,Simulation
Crysis 3,Shooter
Tomb Raider III: Adventures of Lara Croft,Action
Total War: Shogun 2,Strategy
Assassins Creed: Brotherhood,Action
Dead Space,Action
Deus Ex: Human Revolution,Shooter
The Sims 3: World Adventures,Simulation
Titanfall,Shooter
Assassins Creed: Unity,Action
StarCraft II: Legacy of the Void,Strategy
Star Wars Battlefront (2015),Shooter
Assassins Creed II,Action
Battlefield 1,Shooter
Batman: Arkham City,Action
The Sims 2: Open for Business,Simulation
Dishonored,Action
Dragon Age: Origins,Role-Playing
Euro Truck Simulator,Simulation
Medal of Honor,Shooter
Sniper: Art of Victory,Shooter
Far Cry 2,Action
World of Warcraft: Warlords of Draenor,Action
"Warhammer 40,000: Dawn of War II",Strategy
FIFA 12,Sports
Football Manager 2015,Simulation
The Sims 3: Ambitions,Simulation
Watch Dogs,Action
The Sims 3: Outdoor Living Stuff,Simulation
Wolfenstein: The New Order,Shooter
Microsoft Flight Simulator X,Simulation
Max Payne 3,Shooter
Tom Clancys The Division,Shooter
TERA,Role-Playing
Call of Duty: Advanced Warfare,Shooter
Tomb Raider: The Last Revelation,Action
BioShock,Shooter
Duke Nukem Forever,Shooter
FIFA 14,Sports
FIFA Soccer 13,Action
Mafia II,Action
Mass Effect 2,Role-Playing
Saints Row: The Third,Action
Dawn of Discovery,Simulation
Football Manager 2016,Simulation
Age of Empires III,Strategy
World of Warcraft: Legion,Role-Playing
Need for Speed: Hot Pursuit,Racing
Sid Meiers Civilization: Beyond Earth,Strategy
Rage,Shooter
Medieval II: Total War Gold Edition,Strategy
Need for Speed: The Run,Action
Middle-Earth: Shadow of Mordor,Action
Left 4 Dead 2,Shooter
Tomb Raider (2013),Action
Company of Heroes 2,Strategy
The Sims 3: Town Life Stuff,Simulation
Might & Magic Heroes VI,Role-Playing
Medal of Honor: Warfighter,Action
Sid Meiers Civilization VI,Strategy
The Witcher: Enhanced Edition,Role-Playing
Dead Space 2,Shooter
Batman: Arkham Asylum,Action
Fable III,Role-Playing
Batman: Arkham Origins,Action
The Settlers 7: Paths to a Kingdom,Strategy
Kingdoms of Amalur: Reckoning,Role-Playing
Borderlands: The Pre-Sequel,Shooter
1701 A.D.,Simulation
The Sims 2,Simulation
Call of Duty: Black Ops 3,Shooter
Need for Speed: Most Wanted,Racing
SimCity 4,Simulation
World of Tanks,Shooter
FIFA 15,Sports
Mass Effect Trilogy,Action
The Evil Within,Action
RollerCoaster Tycoon 3,Strategy
Doom (2016),Shooter
R.U.S.E.,Strategy
Tropico 4,Strategy
Mafia III,Action
XCOM 2,Strategy
The Sims 4: Get Together,Simulation
Anno 2205,Strategy
Zoo Tycoon 2: Ultimate Collection,Strategy
The Elder Scrolls IV: Oblivion,Role-Playing
Silent Hunter 5: Battle of the Atlantic,Simulation
L.A. Noire: The Complete Edition,Adventure
LEGO Star Wars III: The Clone Wars,Action
Need for Speed Rivals,Racing
Total War: Attila,Strategy
Hitman: Absolution,Action
Tom Clancys Rainbow Six: Siege,Shooter
Homefront,Shooter
BioShock 2,Shooter
Metro 2033,Shooter
Angry Birds,Puzzle
DC Universe Online,Role-Playing
Spec Ops: The Line,Shooter
Star Wars: Battlefront,Shooter
Risen 2: Dark Waters,Role-Playing
Assassins Creed Syndicate,Action
Call of Duty: Infinite Warfare,Shooter
LEGO Harry Potter: Years 5-7,Action
Far Cry: Primal,Action
LEGO The Lord of the Rings,Action
Dying Light,Action
Dead Island,Action
FIFA 16,Sports
Defiance,Shooter
EVE Online,Role-Playing
"Warhammer 40,000: Space Marine",Shooter
Two Worlds II,Role-Playing
Total War: Shogun 2 - Fall of the Samurai,Strategy
Tom Clancys Splinter Cell: Blacklist,Action
Shutter Island,Adventure
Dead Space 3,Action
Test Drive Unlimited 2,Racing
Aliens vs Predator,Shooter
Evolve,Shooter
The Sims 4: City Living,Simulation
Supreme Commander 2,Strategy
The Lord of the Rings: War in the North,Action
South Park: The Stick of Truth,Role-Playing
NBA 2K11,Action
Metro: Last Light,Action
Driver: San Francisco,Racing
Need for Speed: Shift 2 Unleashed,Racing
F1 2011,Racing
Saints Row IV,Action
Arcania: Gothic 4,Role-Playing
Call of Duty: World at War,Shooter
Dishonored 2,Action
Company of Heroes: Anthology,Strategy
Dark Souls II,Role-Playing
Aliens: Colonial Marines,Shooter
FIFA Soccer 11,Sports
Borderlands,Shooter
Brink,Shooter
Dungeon Siege III,Role-Playing
The Secret World,Role-Playing
Tom Clancys Ghost Recon: Future Soldier,Shooter
Age of Empires III: Complete Collection,Strategy
Monkey Island: Special Edition Collection,Adventure
Star Wars: Battlefront II,Shooter
LEGO Marvel Super Heroes,Action
Total War: WARHAMMER,Strategy
Football Manager 2017,Simulation
Sid Meiers Civilization IV,Strategy
Stronghold 3,Strategy
The Crew,Racing
The Sims 3: Seasons,Simulation
NBA 2K12,Sports
Bulletstorm,Shooter
Wildstar,Role-Playing
Sniper: Ghost Warrior,Shooter
F.E.A.R. 3,Shooter
Darksiders II,Action
DiRT 3,Racing
FIFA 17,Sports
The Sims Medieval: Pirates and Nobles,Simulation
Darksiders,Action
Deponia,Adventure
Just Cause 3,Action
Terraria,Action
F1 2012,Racing
Alien: Isolation,Shooter
Cities: Skylines,Simulation
ArmA II,Shooter
The Orange Box,Shooter
Star Wars: Knights of the Old Republic,Role-Playing
Battlefield: Hardline,Shooter
Risen,Role-Playing
The Darkness II,Shooter
Age of Empires: Collectors Edition,Strategy
Dragon Age: Origins - Ultimate Edition,Role-Playing
Warcraft III: Reign of Chaos,Strategy
Dead Rising 2,Action
Battleborn,Shooter
Diablo II,Role-Playing
Batman: Arkham Knight,Action
Red Orchestra 2: Heroes of Stalingrad,Shooter
Rise of the Tomb Raider,Adventure
Titanfall 2,Shooter
Dragon Age Origins: Awakening,Role-Playing
Project CARS,Racing
Euro Truck Simulator 2,Action
The Stronghold Collection,Strategy
Street Fighter IV,Fighting
Farming Simulator 2011,Simulation
Rocksmith,Misc
Just Cause 2,Action
Sleeping Dogs,Action
Tropico 5,Simulation
18 Wheels of Steel: Extreme Trucker 2,Racing
Minecraft: Story Mode,Adventure
Alice: Madness Returns,Adventure
Call of Juarez: The Cartel,Shooter
Darkspore,Role-Playing
Lost Horizon,Adventure
[Prototype 2],Action
Wasteland 2,Role-Playing
NBA 2K16,Sports
Stronghold,Strategy
Machinarium,Adventure
Doom 3,Shooter
Sonic Generations,Platform
Rome: Total War,Strategy
ArmA III,Shooter
Tom Clancys Splinter Cell: Conviction,Action
Stronghold Kingdoms,Strategy
Pro Evolution Soccer 2014,Action
The Book of Unwritten Tales,Adventure
Medieval II: Total War,Strategy
Thief (2014),Action
The Whispered World,Adventure
Harry Potter and the Deathly Hallows - Part 1,Action
"Warhammer 40,000: Dawn of War II - Chaos Rising",Strategy
Harry Potter and the Deathly Hallows - Part 2,Action
F1 2014,Racing
Skylanders: Spyros Adventure,Action
Dungeons,Strategy
Burnout Paradise: The Ultimate Box,Racing
Age of Empires II: The Age of Kings,Strategy
Halo 2,Shooter
Angry Birds: Rio,Puzzle
Rocket League,Sports
Wolfenstein: The Old Blood,Action
Ghostbusters: The Video Game (DS Version),Action
Pro Evolution Soccer 2012,Action
Star Wars: Empire at War - Gold Pack,Strategy
Black & White 2,Strategy
Might & Magic Heroes VII,Strategy
Crysis: Maximum Edition,Shooter
Bejeweled 3,Puzzle
Risen 3: Titan Lords,Role-Playing
Red Faction: Armageddon,Shooter
Assassins Creed: Rogue,Action
Age of Mythology,Strategy
The Sims 2: Apartment Life,Simulation
RollerCoaster Tycoon 3: Platinum,Strategy
Counter-Strike: Source,Shooter
Gray Matter,Adventure
Star Wars: Empire at War,Strategy
Edna & Harvey: Harveys New Eyes,Adventure
Dark Souls III,Role-Playing
Pro Evolution Soccer 2013,Sports
Wildlife Park 3,Simulation
The Sims 3: Barnacle Bay,Simulation
Battlefield 2,Shooter
Major League Baseball 2K11,Sports
Metal Gear Solid V: The Phantom Pain,Action
The Sims 3: Fast Lane Stuff,Simulation
Sniper: Ghost Warrior 2,Shooter
The Sims 2: Ikea Home Stuff,Simulation
"Warhammer 40,000: Dawn of War II - Retribution",Strategy
Hearts of Iron IV,Strategy
The First Templar,Action
Emergency 2012,Simulation
Game of Thrones,Role-Playing
Tomb Raider: Underworld,Action
F.E.A.R. 2: Project Origin,Shooter
X Rebirth,Simulation
Hearts of Iron III,Strategy
Silent Hunter III,Simulation
Serious Sam 3: BFE,Shooter
Need For Speed: Undercover,Racing
Need for Speed: Most Wanted,Racing
Rayman Origins,Platform
Mirrors Edge Catalyst,Platform
Need for Speed Underground 2,Racing
Torchlight,Role-Playing
The Lord of the Rings: The Battle for Middle-Earth,Strategy
Divinity II: Ego Draconis,Role-Playing
Pro Farm 1,Simulation
Dead Island: Riptide,Action
Kane & Lynch 2: Dog Days,Shooter
SimCity 4: Deluxe Edition,Simulation
Operation Flashpoint: Red River,Shooter
Football Manager 2010,Sports
Fable: The Lost Chapters,Role-Playing
The Sims 2: Seasons,Simulation
The Testament of Sherlock Holmes,Adventure
Microsoft Flight Simulator 2004: A Century of Flight,Simulation
Goodbye Deponia,Adventure
LEGO Batman: The Videogame,Action
Resident Evil 5,Action
Command & Conquer 3: Tiberium Wars,Strategy
TRON: Evolution,Action
Dark Souls,Role-Playing
Cities XL 2012,Strategy
Alan Wake,Action
Age of Empires III: The Asian Dynasties,Strategy
GRID 2,Racing
Lego Batman 3: Beyond Gotham,Action
Pro Evolution Soccer 2015,Sports
The Book of Unwritten Tales: The Critter Chronicles,Action
Age of Empires Online,Strategy
The LEGO Movie Videogame,Action
Star Wars Knights of the Old Republic II: The Sith Lords,Role-Playing
The Next BIG Thing,Adventure
Blur,Racing
EverQuest II: Destiny of Velious,Role-Playing
Unreal Tournament III,Shooter
Call of Duty 2,Shooter
Dead Rising 2: Off the Record,Action
The Witcher,Role-Playing
S.T.A.L.K.E.R.: Call of Pripyat,Shooter
A New Beginning,Adventure
Create,Action
Zoo Tycoon: Complete Collection,Strategy
Street Fighter V,Fighting
Sacred 2: Fallen Angel,Role-Playing
Syndicate,Strategy
pro evolution soccer 2011,Sports
Need for Speed: Shift,Racing
Zoo Tycoon 2,Strategy
F1 2015,Racing
F1 2016 (Codemasters),Racing
S.T.A.L.K.E.R.: Shadow of Chernobyl,Shooter
The Sims 2: University,Simulation
Harry Potter and the Sorcerers Stone,Action
Remember Me,Action
Men of War: Assault Squad,Strategy
Sesame Street: Cookies Counting Carnival,Misc
Operation Flashpoint: Dragon Rising,Shooter
The Saboteur,Action
Titan Quest,Role-Playing
Gothic 3,Role-Playing
Mirrors Edge,Platform
Ski Region Simulator,Simulation
Dungeon Keeper 2,Action
F1 2010,Racing
"Murder, She Wrote",Adventure
Deus Ex: Mankind Divided,Role-Playing
The Lost Chronicles of Zerzura,Adventure
Front Mission Evolved,Shooter
4 Elements,Puzzle
Airline Tycoon 2,Simulation
Murdered: Soul Suspect,Action
IL-2 Sturmovik: Cliffs of Dover,Simulation
Medal of Honor: Airborne,Shooter
Hunted: The Demons Forge,Action
Tom Clancys HAWX 2,Action
Homefront: The Revolution,Shooter
Jewel Quest 5: The Sleepless Star,Action
Mortal Kombat X,Fighting
Cities in Motion,Simulation
Venetica,Role-Playing
The Bureau: XCOM Declassified,Shooter
Bejeweled Twist,Puzzle
Grand Ages: Medieval,Strategy
Star Wars: Republic Commando,Shooter
Sherlock Holmes: Crimes & Punishments,Adventure
Plants vs. Zombies,Strategy
Plants vs. Zombies: Garden Warfare 2,Shooter
Transport Fever,Simulation
Microsoft Flight Simulator X Acceleration Expansion Pack,Simulation
DiRT 2,Racing
Payday 2,Shooter
Singularity,Shooter
"Warhammer 40,000: Dawn of War",Strategy
Freelancer,Simulation
Stellaris,Strategy
LEGO The Hobbit,Action
LEGO Indiana Jones 2: The Adventure Continues,Action
Need for Speed Carbon,Racing
Empire Earth,Strategy
Worms Reloaded,Strategy
StarCraft,Strategy
Need for Speed Underground,Racing
Far Cry,Shooter
Clockwork Empires,Strategy
Ship Simulator Extremes,Simulation
The Sims,Simulation
FIFA Soccer 10,Sports
Civilization Beyond Earth: Rising Tide,Strategy
FIFA Manager 12,Sports
Age of Mythology: The Titans,Strategy
Company of Heroes,Strategy
Jonah Lomu Rugby Challenge,Sports
Silent Hunter: Wolves of the Pacific,Simulation
Sesame Street: Elmos A-to-Zoo Adventure,Misc
Supreme Commander,Strategy
Wolfenstein,Shooter
Microsoft Train Simulator,Simulation
Guild Wars Trilogy,Role-Playing
Black Mirror 2,Adventure
Blood Bowl,Sports
Mafia,Action
Life is Strange,Adventure
Song of the Deep,Action
Tropico 3,Strategy
Jewel Master: Cradle Of Rome 2,Puzzle
Pro Evolution Soccer 2016,Sports
Runaway: A Twist of Fate,Adventure
RollerCoaster Tycoon,Strategy
Tom Clancys HAWX,Action
Avatar: The Game,Action
City Life: World Edition,Simulation
IL-2 Sturmovik: 1946,Simulation
Praetorians,Strategy
Secret Files: Tunguska,Adventure
Resident Evil 6,Shooter
Split/Second,Racing
Need for Speed: ProStreet,Racing
NCIS,Adventure
Major League Baseball 2K12,Sports
The Sims Deluxe,Simulation
LEGO Indiana Jones: The Original Adventures,Action
The Sims 2: Pets,Simulation
Resident Evil: Revelations,Action
Port Royale 2,Strategy
Company of Heroes: Tales of Valor,Strategy
Farm Frenzy 3,Strategy
Devil May Cry 4,Action
Heroes of Might and Magic V,Strategy
GRID,Racing
Virtua Tennis 4,Sports
Black & White,Strategy
Company of Heroes: Opposing Fronts,Strategy
Rise of Nations,Strategy
Men of War: Vietnam,Strategy
Imperial Glory,Strategy
Patrician IV,Strategy
Section 8,Shooter
Grand Theft Auto: Vice City,Action
Empire Earth III,Strategy
Sonic PC Collection,Misc
The Sims 4: Spa Day,Simulation
CSI: Fatal Conspiracy,Adventure
Resident Evil: Operation Raccoon City,Action
All Points Bulletin,Role-Playing
Worms: Ultimate Mayhem,Strategy
JASF: Janes Advanced Strike Fighters,Simulation
Off-Road Drive,Racing
LEGO Jurassic World,Action
The Movies,Simulation
Train Simulator 2016,Simulation
Supreme Commander: Forged Alliance,Strategy
Need for Speed (2015),Racing
Lost Planet 3,Shooter
Castlevania: Lords of Shadow 2,Action
Halo: Combat Evolved,Shooter
Caesar IV,Strategy
Harry Potter and the Order of the Phoenix,Action
APB Reloaded,Role-Playing
Casino Chaos With Las Vegas Players Collection,Misc
Scarface: The World is Yours,Action
Harry Potter and the Prisoner of Azkaban,Action
Pro Cycling Manager 2016,Sports
Richard Burns Rally,Racing
Saints Row 2,Action
Trine 2,Platform
Sid Meiers Railroads!,Simulation
Guild Wars,Role-Playing
World of Goo,Puzzle
World in Conflict: Complete Edition,Strategy
Secret Files 2: Puritas Cordis,Adventure
Railroad Tycoon 3,Strategy
S.T.A.L.K.E.R.: Clear Sky,Shooter
Sins of a Solar Empire: Trinity,Strategy
LEGO Pirates of the Caribbean: The Video Game,Action
World in Conflict,Strategy
Tomb Raider: Anniversary,Action
The Night of the Rabbit,Adventure
Gothic Universe,Role-Playing
A Game of Thrones: Genesis,Strategy
LEGO Harry Potter: Years 1-4,Action
Hotel Giant 2,Strategy
The Cursed Crusade,Action
DarkStar One,Simulation
SBK 2011: FIM Superbike World Championship,Racing
Caesar III,Strategy
Hitman: Blood Money,Action
Might & Magic X: Legacy,Role-Playing
Planescape: Torment,Role-Playing
Star Wars Jedi Knight: Jedi Academy,Shooter
Alpha Protocol,Role-Playing
Living Legends: Frozen Beauty,Action
Hello Kitty: Roller Rescue,Action
Rise of Nations: Rise of Legends,Strategy
The Void,Adventure
DiRT Rally,Racing
Supreme Ruler: Cold War,Strategy
Sacra Terra: Angelic Night,Puzzle
Prey,Shooter
Championship Manager Season 01/02,Sports
Nancy Drew: Alibi In Ashes,Adventure
Zoo Tycoon,Strategy
Call of Juarez: Bound in Blood,Shooter
Apache: Air Assault,Simulation
Red Faction: Guerrilla,Shooter
Prince of Persia: The Forgotten Sands,Action
The Sims 2: Glamour Life Stuff,Simulation
Mystery Case Files: Ravenhearst,Puzzle
Midnight Mysteries: The Edgar Allan Poe Conspiracy,Adventure
RACE On,Racing
The Binding of Isaac,Action
Trials Fusion,Racing
Overlord II,Action
Hallowed Legends: Samhain,Adventure
Rome: Total War - Gold Edition,Strategy
King Arthur II,Strategy
The Walking Dead: Season One,Adventure
Combat Mission: Shock Force,Strategy
Men of War,Strategy
Guitar Hero: World Tour,Misc
Super Meat Boy: Ultra Edition!,Platform
Transformers: Devastation,Action
Alter Ego,Simulation
East India Company Collection,Misc
Neverwinter Nights,Role-Playing
Lock On: Modern Air Combat,Simulation
Shaun White Skateboarding,Sports
Ratatouille,Action
Take On Helicopters,Simulation
Homeworld 2,Strategy
Rayman 3: Hoodlum Havoc,Platform
Bus Simulator 16,Simulation
Knights of Honor,Strategy
The Inner World,Adventure
Final Fantasy XIV: Heavensward,Action
Empire Earth II,Strategy
Codename: Panzers Cold War,Strategy
Doom,Shooter
Star Wars: The Force Unleashed II,Action
Harry Potter and the Half-Blood Prince,Action
SimCity,Simulation
Doom 3 BFG Edition,Shooter
Blue Breaker: Ken Yorimo Hohoemi o,Role-Playing
GTR Evolution,Racing
NBA 2K13,Sports
Sins of a Solar Empire,Strategy
Lords of the Fallen,Role-Playing
Resident Evil 4,Action
Star Trek: The Game,Action
007: Quantum of Solace,Action
Royal Palace of White Sword and The City of Gentiles,Role-Playing
World of Zoo,Simulation
Commander: Conquest of the Americas,Strategy
Pro Evolution Soccer 2017,Sports
Battlefield 1942: The WW II Anthology,Shooter
The Great Mystery Hidden Object Package 5,Adventure
Braid,Platform
Syberia,Action
Monsters vs. Aliens,Action
Jack Keane,Adventure
Farm Frenzy,Strategy
Battle vs. Chess,Misc
Ride,Racing
Mystery Trackers: The Void,Puzzle
UK Truck Simulator,Simulation
Botanicula,Adventure
The Settlers II 10th Anniversary,Action
Cossacks: European Wars,Strategy
Warhammer: Mark of Chaos,Strategy
Battlefield Vietnam,Shooter
Age of Conan: Rise of the Godslayer,Role-Playing
Prince of Persia (2008),Action
Totally Spies! Totally Party,Misc
Max Payne 2: The Fall of Max Payne,Shooter
Magicka,Role-Playing
Schlag den Raa,Misc
Guild Wars: Nightfall,Role-Playing
MySims,Simulation
The Sims 2: Bon Voyage,Simulation
Star Wars The Clone Wars: Republic Heroes,Action
Age of Empires III: Gold Edition,Strategy
Bully: Scholarship Edition,Action
RollerCoaster Tycoon 2: Triple Thrill Pack,Strategy
Battlefield 2142,Shooter
Air Conflicts: Secret Wars,Simulation
Divinity II: Flames of Vengeance,Role-Playing
Lost Planet 2,Shooter
X3: Terran Conflict,Simulation
SWAT 4,Shooter
Battlefield 1942,Shooter
X-Men Origins: Wolverine - Uncaged Edition,Action
Magicka Collection,Adventure
Dungeon Siege II,Role-Playing
Captain Morgane and the Golden Turtle,Adventure
Battlestations: Pacific,Strategy
Blazing Angels: Squadrons of WWII,Simulation
GRID Autosport,Racing
Star Wars: Empire at War - Forces of Corruption,Strategy
Neverwinter Nights Diamond,Role-Playing
The Lord of the Rings: Conquest,Action
Viva Pinata,Simulation
NBA 2K17,Sports
Elven Legacy,Strategy
Neverwinter Nights 2,Role-Playing
IL-2 Sturmovik: Forgotten Battles,Simulation
Jurassic Park: Operation Genesis,Simulation
Mortal Kombat,Fighting
You Dont Know Jack,Misc
Warhammer Online: Age of Reckoning,Role-Playing
ParaWorld,Strategy
Tropico Reloaded,Strategy
The Settlers: Rise of an Empire,Strategy
Puppet Show 3: Lost Town,Puzzle
Stronghold 2 Deluxe,Strategy
Ghost Pirates of Vooju Island,Adventure
Drakensang: The Dark Eye,Role-Playing
Pharaoh,Strategy
Escape the Emerald Star,Puzzle
Demigod,Strategy
Europa Universalis III Complete,Strategy
Stronghold Crusader Extreme,Strategy
Fishdom 2 Deluxe,Puzzle
Cities XL 2011,Simulation
Star Trek Online,Role-Playing
SimCity Societies,Simulation
Empire Deluxe,Strategy
IGT Slots: Lucky Larrys Lobstermania,Simulation
Tom Clancys Rainbow Six: Vegas 2,Shooter
DiRT,Racing
Tropico 4: Modern Times,Strategy
Brothers in Arms: Hells Highway,Shooter
Ceville,Action
Falcon 4.0: Allied Force,Simulation
Voodoo Chronicles: First Sign,Adventure
Ice Age: Dawn of the Dinosaurs,Action
Bejeweled 2 Deluxe,Puzzle
GT Legends,Racing
Kung Fu Panda,Action
Street Fighter X Tekken,Fighting
Frontlines: Fuel of War,Shooter
Raven Squad: Operation Hidden Dagger,Shooter
Tom Clancys EndWar,Strategy
Guitar Hero III: Legends of Rock,Misc
Plants vs. Zombies: Garden Warfare,Shooter
Test Drive Unlimited,Racing
F1 Race Stars,Racing
RollerCoaster Tycoon World,Simulation
Greys Anatomy: The Video Game,Adventure
18 Wheels of Steel: Extreme Trucker,Racing
X3: Terran War Pack,Misc
Left 4 Dead,Shooter
Serious Sam HD: Gold Edition,Shooter
Unreal Anthology,Shooter
The Settlers IV,Strategy
Resident Evil Zero,Action
Mount & Blade,Role-Playing
Tale of a Hero,Adventure
Fuel,Racing
Dungeon Defenders,Role-Playing
Mata Hari: Betrayal is only a Kiss Away,Adventure
Cities in Motion Collection,Simulation
Indigo Prophecy,Adventure
Rugby League Team Manager 2015,Action
Overlord,Strategy
Spirits and Demons: 5 Game Pack,Misc
Quake 4,Shooter
FIFA Soccer 09,Sports
East India Company,Strategy
Command & Conquer: The First Decade,Strategy
The Lord of the Rings: The Battle for Middle-Earth II,Strategy
Max Payne,Shooter
The Sims: Complete Collection,Simulation
So Blonde,Adventure
Homeworld,Strategy
Order of War,Strategy
Sacred Gold,Role-Playing
Command & Conquer 3: Deluxe Edition,Strategy
Sacred 3,Role-Playing
Maximum Capacity: Hotel Giant,Strategy
Legend: Hand of God,Role-Playing
WRC 2: FIA World Rally Championship,Racing
Lara Croft and the Temple of Osiris,Action
SAW,Action
Spider-Man 3,Platform
Fallout Trilogy,Role-Playing
Spider-Man: Web of Shadows,Action
Demolition Company: Gold Edition,Simulation
Oil Rush,Strategy
The Lord of the Rings Online: Mines of Moria,Role-Playing
Stormrise,Strategy
Agatha Christie: The ABC Murders,Adventure
Painkiller,Shooter
Quantum Break,Action
War Leaders: Clash of Nations,Strategy
Airport Simulator,Simulation
Hellgate: London,Role-Playing
TOCA Race Driver 3,Racing
The Sims 2: Happy Holiday Stuff,Simulation
Littlest Pet Shop,Simulation
X-Plane 10 Global,Simulation
Rugby Union Team Manager 2017,Simulation
4 Play Collection - Dark Mysteries,Misc
Mount & Blade Collection,Role-Playing
Ridge Racer Unbounded,Racing
Mini Ninjas,Action
"Transformers: Revenge of the Fallen (XBox 360, PS3, & PC Versions)",Shooter
Dark Tales: Edgar Allan Poes The Premature Burial,Puzzle
UFO: Trilogy,Strategy
Mount & Blade: Warband,Role-Playing
Worldwide Soccer Manager 2007,Sports
Crysis: Warhead,Shooter
The Sims 2: Family Fun Stuff,Simulation
Still Life 2,Adventure
Vietcong,Shooter
Trapped Dead,Strategy
Pillars of Eternity,Role-Playing
Starship Troopers,Shooter
7 Roses: A Darkness Rises,Misc
The Crew: Wild Run,Action
Heroes of the Pacific,Simulation
Tycoon City: New York,Strategy
NHL 09,Sports
Atlantic Quest,Puzzle
"Warhammer 40,000: Dawn of War: Soulstorm",Strategy
WorldShift,Strategy
Heavy Fire: Afghanistan,Shooter
Legendary,Shooter
Commandos 3: Destination Berlin,Strategy
James Bond 007: Blood Stone,Shooter
Uru: Ages Beyond Myst,Adventure
Revolution: 25th Anniversary Collection,Adventure
Blood Bowl: Legendary Edition,Sports
Bejeweled Blitz,Puzzle
Peggle Nights,Puzzle
Combat Flight Simulator 3: Battle for Europe,Simulation
Agatha Christie: Death on the Nile,Adventure
Tomb Raider: Legend,Action
Command & Conquer 3: Kanes Wrath,Strategy
Ride 2,Racing
Paranormal Pursuit: The Gifted One,Action
Dungeons - The Dark Lord,Strategy
Divinity: Original Sin,Role-Playing
Airline Tycoon,Simulation
Just Cause,Action
Unreal Tournament 2004,Shooter
Pirates of the Burning Sea,Role-Playing
The Longest Journey,Adventure
Lost: Via Domus,Action
The Haunted: Hells Reach,Shooter
Disciples III: Renaissance,Strategy
Elven Legacy Collection,Strategy
LEGO Star Wars: The Video Game,Action
Dark Void,Action
Total War Attila: Tyrants & Kings,Strategy
The Incredibles: Rise of the Underminer,Action
Stronghold Legends,Strategy
The Dark Hills of Cherai,Puzzle
Joint Operations: Combined Arms,Shooter
Worms World Party,Strategy
Gears of War,Shooter
Post Mortem,Adventure
LEGO Star Wars II: The Original Trilogy,Action
The Sims 4: Luxury Party Stuff,Simulation
Star Trek: Legacy,Simulation
Wall-E,Platform
Majesty 2: The Fantasy Kingdom Sim,Simulation
Sniper Elite,Shooter
A Vampyre Story,Adventure
Syberia II,Adventure
Command & Conquer Collection,Strategy
Achtung Panzer: Kharkov 1943,Strategy
Majesty 2 Collection,Strategy
Enemy Territory: Quake Wars,Shooter
Tyranny,Role-Playing
Colin McRae Rally 2005,Racing
RollerCoaster Tycoon: Gold Edition,Strategy
FIFA Soccer 08,Sports
Legoland,Action
Command & Conquer 4: Tiberian Twilight,Strategy
Sherlock Holmes: The Devils Daughter,Adventure
Worldwide Soccer Manager 2006,Sports
Valentino Rossi: The Game,Racing
Fernbus Simulator,Simulation
DuckTales: Remastered,Action
Evil Genius,Strategy
Imperium Romanum,Strategy
Contrast,Platform
Turok,Action
Sengoku,Strategy
Ship Simulator 2008,Simulation
The Technomancer,Role-Playing
Rise of Flight: Iron Cross Edition,Simulation
Guild Wars: Factions,Role-Playing
War for the Overworld,Strategy
Coronation Street: The Mystery of the Missing Hotpot Recipe,Adventure
Cossacks 3,Strategy
Codename: Panzers Phase Two,Strategy
The Last Remnant,Role-Playing
Unreal Tournament 2003,Shooter
Call of Juarez,Shooter
Neverwinter Nights 2: Mask of the Betrayer,Role-Playing
Grand Theft Auto III,Action
Rayman Raving Rabbids,Misc
WRC: FIA World Rally Championship,Racing
Digger Simulator,Simulation
Impossible Creatures,Strategy
Football Manager Live,Sports
Blitzkrieg 2 Anthology,Strategy
Serious Sam II,Shooter
Theatre Of War,Strategy
IL-2 Sturmovik,Simulation
Virtua Tennis 3,Sports
Farming 2017 - The Simulation,Simulation
Dark Parables: The Exiled Prince,Puzzle
Brain Exercise With Dr. Kawashima,Puzzle
Homeworld Remastered Collection,Strategy
Football Manager 2005,Sports
BattleForge,Strategy
MXGP 2,Racing
Mystery Legends: Beauty and the Beast,Puzzle
Rail Simulator,Simulation
BlazBlue: Calamity Trigger,Fighting
Spider-Man: Friend or Foe,Action
Harry Potter and the Chamber of Secrets,Action
Jewel Quest II,Puzzle
Farming Simulator 15 Expansion Pack,Action
Marvel: Ultimate Alliance,Role-Playing
WRC 6,Racing
Battle Worlds: Kronos,Strategy
F.E.A.R. Perseus Mandate,Shooter
Deus Ex,Role-Playing
Tiger Woods PGA Tour 2005,Sports
Minds and Mystery: 5 Game Pack,Action
Sonic & All-Stars Racing Transformed,Racing
TimeShift,Shooter
Championship Manager 2010,Sports
The Chronicles of Riddick: Assault on Dark Athena,Shooter
Cities: Skylines Snowfall,Simulation
Conflict: Denied Ops,Shooter
FlatOut: Ultimate Carnage,Racing
Battlestations: Midway,Strategy
TrackMania Turbo,Action
Dungeons & Dragons: Neverwinter Nights - Complete,Misc
The Train Giant,Strategy
Inversion,Shooter
Monster Jam,Racing
Act of Aggression,Strategy
Fallout Anthology,Action
Gobliiins 4,Adventure
Command & Conquer Renegade,Shooter
Juiced 2: Hot Import Nights,Racing
Poker for Dummies,Misc
Rugby World Cup 2015,Sports
Colin McRae Rally 04,Racing
Tropico 3: Gold Edition,Strategy
Icewind Dale II,Role-Playing
Alone in the Dark,Adventure
Pro Evolution Soccer 2010,Sports
Clive Barkers Jericho,Shooter
Grand Prix Legends,Racing
Winning Eleven: Pro Evolution Soccer 2007,Sports
Madagascar: Escape 2 Africa,Action
Sega Rally Revo,Racing
Kings Bounty: Armored Princess,Role-Playing
Witch Hunters: Stolen Beauty,Action
Angels and Despair: 5 Game Pack,Misc
Transformers: Fall of Cybertron,Action
The Dwarves,Role-Playing
Codename: Panzers Complete Collection,Strategy
"Transformers: War for Cybertron (XBox 360, PS3, & PC Versions)",Shooter
Small Town Terrors - Galdors Bluff,Adventure
Trine,Action
Legacy of Kain: Defiance,Action
Deal or No Deal,Misc
Hospital Tycoon,Strategy
The Amazing Spider-Man 2 (2014),Action
The Treasures of Mystery Island 3 Pack - Save Mystery Island!,Puzzle
Metal Gear Solid V: Ground Zeroes,Action
Darkness and Sorrow: 5 Game Pack,Misc
Agatha Christie: Peril at End House,Adventure
The Rise of the Argonauts,Role-Playing
Summer Athletics,Sports
Driving Simulator 2011,Racing
Bookworm Deluxe,Puzzle
End of Nations,Strategy
Worms 2,Strategy
Pony Friends 2,Simulation
Breach,Shooter
STORM: Frontline Nation,Strategy
15 Days,Adventure
Myst IV: Revelation,Adventure
Hallowed Legends: Templar,Action
Patrician IV: Gold Edition,Misc
CSI: Hard Evidence,Adventure
Champions Online,Role-Playing
Dungeons & Dragons Anthology: The Master Collection,Misc
Damnation,Shooter
Wanted: Weapons of Fate,Shooter
Ori and the Blind Forest,Platform
Spore Galactic Adventures,Strategy
The Sims 2: Celebration Stuff,Simulation
Sherlock Holmes vs. Jack the Ripper,Adventure
Emperor: Rise of the Middle Kingdom,Strategy
Pro Evolution Soccer 2008,Sports
Gun,Shooter
Zoo Tycoon 2: Extinct Animals,Strategy
Necrovision,Shooter
Defenders of Ardania,Strategy
UFO: Extraterrestrials,Strategy
Handball 16,Sports
Hidden Mysteries: Titanic - Secrets of the Fateful Voyage,Adventure
NHL 08,Action
Vampire Saga: Welcome to Hell Lock,Adventure
Lemmings Revolution,Puzzle
Brain Training for Dummies,Misc
Heroes of the Storm,Strategy
Two Worlds,Role-Playing
Stolen,Action
Zumas Revenge!,Puzzle
Dawn of Fantasy,Strategy
Dungeons: Game of the Year Edition,Strategy
International Cricket Captain 2009,Sports
LEGO Marvels Avengers,Action
S\xc3\xa9bastien Loeb Rally Evo,Racing
Sniper Elite 3,Shooter
Tom Clancys Ghost Recon Advanced Warfighter 2,Shooter
Pride of Nations,Strategy
Port Royale 3,Simulation
Rome: Total War Anthology,Strategy
Gothic Fiction: Dark Saga,Misc
Victorian Mysteries: Woman in White,Strategy
Command & Conquer: Generals,Strategy
Fabled Legends: The Dark Piper,Action
Harry Potter and the Goblet of Fire,Action
Pirates of Black Cove,Adventure
X-Men Legends II: Rise of Apocalypse,Role-Playing
The Escapists,Action
Chronicles of Mystery: The Scorpio Ritual,Adventure
The Tiny Bang Story,Adventure
Painkiller: Hell & Damnation,Shooter
D-Day,Strategy
4 Play Collection: Treasure Hunters,Action
Dangerous Waters,Simulation
SimCity 3000 Unlimited,Simulation
Thief: The Dark Project,Action
Chainz Galaxy,Puzzle
Disney Universe,Action
Galactic Civilizations III,Strategy
The Adventures of Tintin: The Game,Action
PDC World Championship Darts 2008,Sports
Boulder Dash-XL,Action
The Sims 2: H&M Fashion Stuff,Simulation
NBA 2K10,Sports
Beyond the Legend - Mysteries of Olympus,Adventure
Neverwinter Nights 2: Storm of Zehir,Role-Playing
Child of Light,Role-Playing
Nancy Drew: Secret of the Scarlet Hand,Adventure
Age of Mythology: Gold Edition,Strategy
Beijing 2008,Sports
RailWorks 2: Train Simulator,Simulation
Tiger Woods PGA Tour 06,Sports
Hidden Expedition: The Crown of Solomon,Action
Lucius,Action
Dragons Dogma,Role-Playing
LEGO Batman 2: DC Super Heroes,Action
Haunted Hotel: Ancient Curse,Adventure
Spintires,Adventure
Shogun: Total War,Strategy
MotoGP 08,Racing
The Sims: Life Stories,Simulation
Sword of the Stars: Complete Collection,Strategy
Black & White 2: Battle of the Gods,Strategy
PES 2009: Pro Evolution Soccer,Sports
Summer Challenge: Athletics Tournament,Sports
Burn Zombie Burn!,Shooter
Dark Parables: The Little Mermaid and the Purple Tide,Adventure
Lionheart: Kings Crusade,Strategy
King Arthur Collection,Strategy
7 Wonders of the Ancient World,Puzzle
Deponia Doomsday,Adventure
Leisure Suit Larry: Box Office Bust,Adventure
The Ball,Shooter
Aliens versus Predator,Shooter
Mystic Gateways: The Celestial Quest,Action
Madden NFL 08,Sports
WRC 5: FIA World Rally Championship,Sports
naild,Racing
Cities XXL,Simulation
Jagged Alliance 2,Strategy
Heavens Hope,Adventure
Mad Max (2015),Action
Scratches,Adventure
MX vs. ATV Supercross Encore,Sports
Worms Crazy Golf,Sports
Dovetail Games Euro Fishing,Simulation
Warhammer: Mark of Chaos - Battle March,Strategy
Sonic Mega Collection Plus,Misc
Neopets Puzzle Adventure,Puzzle
Euro Truck Simulator 2: Scandinavia,Action
Ultimate Spider-Man,Action
Age of Empires,Strategy
Dark Fall 3: Lost Souls,Adventure
Disciples III: Resurrection,Strategy
Total War Collection,Misc
Devil May Cry 3: Dantes Awakening Special Edition,Action
Deep Black,Shooter
Jacqueline Wilsons Tracy Beaker: The Game,Misc
Europa Universalis III,Strategy
Universe at War: Earth Assault,Action
Twisted Lands: Insomniac,Adventure
Dungeon Siege II: Broken World,Role-Playing
Call of Duty,Shooter
The Mighty Quest for Epic Loot,Role-Playing
Monopoly Tycoon,Simulation
Mystery Case Files: Dire Grove,Adventure
Portal,Puzzle
Greed Corp,Strategy
Calvin Tuckers Redneck Jamboree,Misc
Dawn of Discovery: Venice,Simulation
National Geographic Challenge!,Misc
Challenge Me: Word Puzzles,Puzzle
Nancy Drew: The Phantom of Venice,Adventure
Stronghold Crusader 2,Strategy
The Spiderwick Chronicles,Action
Jewel Quest 6: The Sapphire Dragon,Puzzle
Medieval: Total War Gold Edition,Strategy
Tom Clancys Splinter Cell,Action
Elixir of Imortality,Misc
Back to the Future: The Game,Adventure
Blacksite: Area 51,Shooter
Virtua Tennis 2009,Sports
BC Kings,Strategy
CivCity: Rome,Strategy
CSI: 3 Dimensions of Murder,Adventure
